{
	"frames": {
		"weed-additive-16x16-01.png": {
			"frame": {
				"x": 1,
				"y": 1,
				"w": 16,
				"h": 16
			},
			"rotated": false,
			"trimmed": false,
			"spriteSourceSize": {
				"x": 0,
				"y": 0,
				"w": 16,
				"h": 16
			},
			"sourceSize": {
				"w": 16,
				"h": 16
			}
		},
		"weed-additive-16x16-02.png": {
			"frame": {
				"x": 19,
				"y": 1,
				"w": 16,
				"h": 16
			},
			"rotated": false,
			"trimmed": false,
			"spriteSourceSize": {
				"x": 0,
				"y": 0,
				"w": 16,
				"h": 16
			},
			"sourceSize": {
				"w": 16,
				"h": 16
			}
		},
		"weed-additive-16x16-03.png": {
			"frame": {
				"x": 37,
				"y": 1,
				"w": 16,
				"h": 16
			},
			"rotated": false,
			"trimmed": false,
			"spriteSourceSize": {
				"x": 0,
				"y": 0,
				"w": 16,
				"h": 16
			},
			"sourceSize": {
				"w": 16,
				"h": 16
			}
		},
		"weed-additive-16x16-04.png": {
			"frame": {
				"x": 55,
				"y": 1,
				"w": 16,
				"h": 16
			},
			"rotated": false,
			"trimmed": false,
			"spriteSourceSize": {
				"x": 0,
				"y": 0,
				"w": 16,
				"h": 16
			},
			"sourceSize": {
				"w": 16,
				"h": 16
			}
		},
		"weed-additive-16x16-05.png": {
			"frame": {
				"x": 73,
				"y": 1,
				"w": 16,
				"h": 16
			},
			"rotated": false,
			"trimmed": false,
			"spriteSourceSize": {
				"x": 0,
				"y": 0,
				"w": 16,
				"h": 16
			},
			"sourceSize": {
				"w": 16,
				"h": 16
			}
		}
	},
	"meta": {
		"app": "http://www.codeandweb.com/texturepacker",
		"version": "1.0",
		"image": "spritesheet.png",
		"format": "RGBA8888",
		"size": {
			"w": 90,
			"h": 18
		},
		"scale": "1"
	}
}
